review_threshold,block_threshold,expected_cost,review_rate,block_rate,fraud_dollar_capture,fraud_dollars_captured,feasible
1.5727350649146397e-05,0.00012804097311139564,597645.674,0.9030579124195661,0.09694208758043392,0.9999776177755099,253499.066,False
1.5727350649146397e-05,0.0003204101249599487,505224.942,0.9557883947383407,0.04421160526165936,0.9997635468275662,253444.79799999998,False
1.5727350649146397e-05,0.002331002331002331,466819.646,0.9777119754000342,0.022288024599965834,0.9995872029848437,253400.094,False
1.5727350649146397e-05,0.01,444304.02,0.9909116792893343,0.00908832071066568,0.9981498570795955,253035.72,False
1.5727350649146397e-05,0.050833333333333335,442088.28,0.9923352884232105,0.007664711576789477,0.9977188592213305,252926.46,False
1.5727350649146397e-05,0.09166666666666666,441128.386,0.9929388986959741,0.007061101304025967,0.9976198235977757,252901.354,False
1.5727350649146397e-05,0.1325,440791.1,0.9935197312225955,0.006480268777404476,0.9955184269927261,252368.63999999998,False
1.5727350649146397e-05,0.17333333333333334,440771.1,0.9935311200956666,0.006468879904333466,0.9955184269927261,252368.63999999998,False
1.5727350649146397e-05,0.21416666666666667,439974.166,0.9942258413529981,0.005774158647001879,0.994638498672648,252145.57399999996,False
1.5727350649146397e-05,0.255,440028.796,0.9943852855759923,0.0056147144240077445,0.9937129538485159,251910.94400000002,False
1.5727350649146397e-05,0.29583333333333334,439761.022,0.9947611183873356,0.005238881612664427,0.9927574450876145,251668.718,False
1.5727350649146397e-05,0.3,439761.022,0.9947611183873356,0.005238881612664427,0.9927574450876145,251668.718,False
1.5727350649146397e-05,0.33666666666666667,439761.022,0.9947611183873356,0.005238881612664427,0.9927574450876145,251668.718,False
1.5727350649146397e-05,0.3775,439761.022,0.9947611183873356,0.005238881612664427,0.9927574450876145,251668.718,False
1.5727350649146397e-05,0.41833333333333333,439761.022,0.9947611183873356,0.005238881612664427,0.9927574450876145,251668.718,False
1.5727350649146397e-05,0.45916666666666667,439761.022,0.9947611183873356,0.005238881612664427,0.9927574450876145,251668.718,False
1.5727350649146397e-05,0.5,441964.10599999997,0.995250839929389,0.004749160070611013,0.9829427015841992,249180.634,False
1.5727350649146397e-05,0.5408333333333333,442125.02999999997,0.99526222880246,0.0047377711975400034,0.9823276282723551,249024.71000000002,False
1.5727350649146397e-05,0.5816666666666667,442125.02999999997,0.99526222880246,0.0047377711975400034,0.9823276282723551,249024.71000000002,False
1.5727350649146397e-05,0.6225,443044.18,0.9954558396446671,0.00454416035533284,0.9783468348560269,248015.56000000003,False
1.5727350649146397e-05,0.6633333333333333,443053.576,0.9954672285177382,0.00453277148226183,0.9783294939573911,248011.164,False
1.5727350649146397e-05,0.7041666666666666,443503.604,0.9955811172484482,0.004418882751551734,0.9763570337974745,247511.13599999997,False
1.5727350649146397e-05,0.745,443722.016,0.9956038949945902,0.004396105005409714,0.9754362936172318,247277.72400000002,False
1.5727350649146397e-05,0.75,443722.016,0.9956038949945902,0.004396105005409714,0.9754362936172318,247277.72400000002,False
1.5727350649146397e-05,0.7858333333333334,445122.12,0.9958886168213655,0.004111383178634474,0.9695188342434938,245777.62,False
1.5727350649146397e-05,0.8266666666666667,451255.964,0.9965036159672,0.0034963840327999545,0.9461904972664418,239863.776,False
1.5727350649146397e-05,0.8674999999999999,451471.064,0.996515004840271,0.0034849951597289448,0.9453617159190001,239653.67599999998,False
1.5727350649146397e-05,0.9083333333333333,452298.74,0.9966061158248392,0.003393884175160868,0.9421559533758621,238841.00000000003,False
1.5727350649146397e-05,0.9491666666666667,452298.74,0.9966061158248392,0.003393884175160868,0.9421559533758621,238841.00000000003,False
1.5727350649146397e-05,0.99,455443.276,0.9970161152553955,0.0029838847446045213,0.9303631324605607,235851.46399999998,False
1.5727350649146397e-05,1.0,463591.158,0.9978588918626502,0.002141108137349809,0.8993858734160158,227998.582,False
0.00012804097311139564,0.0003204101249599487,108782.638,0.05273048231877456,0.04421160526165936,0.9996740179296054,253422.10199999996,False
0.00012804097311139564,0.002331002331002331,70377.342,0.07465406298046809,0.022288024599965834,0.9994976740868831,253377.39800000002,False
0.00012804097311139564,0.01,47861.716,0.08785376686976824,0.00908832071066568,0.9980603281816348,253013.024,False
0.00012804097311139564,0.050833333333333335,45645.976,0.08927737600364444,0.007664711576789477,0.9976293303233699,252903.764,False
0.00012804097311139564,0.09166666666666666,44686.082,0.08988098627640795,0.007061101304025967,0.9975302946998151,252878.658,False
0.00012804097311139564,0.1325,44348.796,0.09046181880302943,0.006480268777404476,0.9954288980947654,252345.944,False
0.00012804097311139564,0.17333333333333334,44328.796,0.09047320767610045,0.006468879904333466,0.9954288980947654,252345.944,False
0.00012804097311139564,0.21416666666666667,43531.862,0.09116792893343204,0.005774158647001879,0.9945489697746873,252122.87799999997,False
0.00012804097311139564,0.255,43586.492000000006,0.09132737315642617,0.0056147144240077445,0.9936234249505553,251888.24800000002,False
0.00012804097311139564,0.29583333333333334,43318.718,0.09170320596776949,0.005238881612664427,0.9926679161896539,251646.022,False
0.00012804097311139564,0.3,43318.718,0.09170320596776949,0.005238881612664427,0.9926679161896539,251646.022,False
0.00012804097311139564,0.33666666666666667,43318.718,0.09170320596776949,0.005238881612664427,0.9926679161896539,251646.022,False
0.00012804097311139564,0.3775,43318.718,0.09170320596776949,0.005238881612664427,0.9926679161896539,251646.022,False
0.00012804097311139564,0.41833333333333333,43318.718,0.09170320596776949,0.005238881612664427,0.9926679161896539,251646.022,False
0.00012804097311139564,0.45916666666666667,43318.718,0.09170320596776949,0.005238881612664427,0.9926679161896539,251646.022,False
0.00012804097311139564,0.5,45521.802,0.0921929275098229,0.004749160070611013,0.9828531726862385,249157.938,False
0.00012804097311139564,0.5408333333333333,45682.726,0.09220431638289392,0.0047377711975400034,0.9822380993743944,249002.01400000002,False
0.00012804097311139564,0.5816666666666667,45682.726,0.09220431638289392,0.0047377711975400034,0.9822380993743944,249002.01400000002,False
0.00012804097311139564,0.6225,46601.876000000004,0.09239792722510108,0.00454416035533284,0.9782573059580663,247992.86400000003,False
0.00012804097311139564,0.6633333333333333,46611.272000000004,0.09240931609817209,0.00453277148226183,0.9782399650594304,247988.468,False
0.00012804097311139564,0.7041666666666666,47061.3,0.09252320482888218,0.004418882751551734,0.9762675048995139,247488.43999999997,False
0.00012804097311139564,0.745,47279.712,0.09254598257502421,0.004396105005409714,0.9753467647192712,247255.028,False
0.00012804097311139564,0.75,47279.712,0.09254598257502421,0.004396105005409714,0.9753467647192712,247255.028,False
0.00012804097311139564,0.7858333333333334,48679.816,0.09283070440179944,0.004111383178634474,0.9694293053455331,245754.92399999997,False
0.00012804097311139564,0.8266666666666667,54813.659999999996,0.09344570354763396,0.0034963840327999545,0.9461009683684811,239841.08000000002,False
0.00012804097311139564,0.8674999999999999,55028.76,0.09345709242070498,0.0034849951597289448,0.9452721870210394,239630.97999999998,False
0.00012804097311139564,0.9083333333333333,55856.436,0.09354820340527305,0.003393884175160868,0.9420664244779013,238818.304,False
0.00012804097311139564,0.9491666666666667,55856.436,0.09354820340527305,0.003393884175160868,0.9420664244779013,238818.304,False
0.00012804097311139564,0.99,59000.972,0.0939582028358294,0.0029838847446045213,0.9302736035626,235828.76799999998,False
0.00012804097311139564,1.0,67148.85399999999,0.0948009794430841,0.002141108137349809,0.8992963445180552,227975.886,False
0.0003204101249599487,0.002331002331002331,47444.414000000004,0.021923580661693524,0.022288024599965834,0.9986413902951086,253160.326,False
0.0003204101249599487,0.01,24928.788,0.03512328455099368,0.00908832071066568,0.9972040443898604,252795.95200000002,True
0.0003204101249599487,0.050833333333333335,22713.048,0.03654689368486988,0.007664711576789477,0.9967730465315955,252686.692,True
0.0003204101249599487,0.09166666666666666,21753.154,0.03715050395763339,0.007061101304025967,0.9966740109080406,252661.586,True
0.0003204101249599487,0.1325,21415.868,0.03773133648425488,0.006480268777404476,0.994572614302991,252128.872,True
0.0003204101249599487,0.17333333333333334,21395.868,0.037742725357325896,0.006468879904333466,0.994572614302991,252128.872,True
0.0003204101249599487,0.21416666666666667,20598.933999999997,0.03843744661465748,0.005774158647001879,0.9936926859829129,251905.80599999998,True
0.0003204101249599487,0.255,20653.564,0.038596890837651616,0.0056147144240077445,0.9927671411587807,251671.176,True
0.0003204101249599487,0.29583333333333334,20385.789999999997,0.038972723648994935,0.005238881612664427,0.9918116323978795,251428.95,True
0.0003204101249599487,0.3,20385.789999999997,0.038972723648994935,0.005238881612664427,0.9918116323978795,251428.95,True
0.0003204101249599487,0.33666666666666667,20385.789999999997,0.038972723648994935,0.005238881612664427,0.9918116323978795,251428.95,True
0.0003204101249599487,0.3775,20385.789999999997,0.038972723648994935,0.005238881612664427,0.9918116323978795,251428.95,True
0.0003204101249599487,0.41833333333333333,20385.789999999997,0.038972723648994935,0.005238881612664427,0.9918116323978795,251428.95,True
0.0003204101249599487,0.45916666666666667,20385.789999999997,0.038972723648994935,0.005238881612664427,0.9918116323978795,251428.95,True
0.0003204101249599487,0.5,22588.873999999996,0.03946244519104834,0.004749160070611013,0.981996888894464,248940.86599999998,True
0.0003204101249599487,0.5408333333333333,22749.798,0.039473834064119355,0.0047377711975400034,0.98138181558262,248784.94200000004,True
0.0003204101249599487,0.5816666666666667,22749.798,0.039473834064119355,0.0047377711975400034,0.98138181558262,248784.94200000004,True
0.0003204101249599487,0.6225,23668.947999999997,0.03966744490632652,0.00454416035533284,0.9774010221662918,247775.79200000002,True
0.0003204101249599487,0.6633333333333333,23678.343999999997,0.03967883377939753,0.00453277148226183,0.977383681267656,247771.39599999998,True
0.0003204101249599487,0.7041666666666666,24128.371999999996,0.039792722510107625,0.004418882751551734,0.9754112211077394,247271.36799999996,True
0.0003204101249599487,0.745,24346.784,0.03981550025624964,0.004396105005409714,0.9744904809274967,247037.956,True
0.0003204101249599487,0.75,24346.784,0.03981550025624964,0.004396105005409714,0.9744904809274967,247037.956,True
0.0003204101249599487,0.7858333333333334,25746.888,0.04010022208302488,0.004111383178634474,0.9685730215537587,245537.85199999998,True
0.0003204101249599487,0.8266666666666667,31880.731999999996,0.040715221228859406,0.0034963840327999545,0.9452446845767067,239624.00800000003,True
0.0003204101249599487,0.8674999999999999,32095.831999999995,0.04072661010193041,0.0034849951597289448,0.9444159032292649,239413.90799999997,True
0.0003204101249599487,0.9083333333333333,32923.507999999994,0.04081772108649849,0.003393884175160868,0.941210140686127,238601.23200000002,True
0.0003204101249599487,0.9491666666666667,32923.507999999994,0.04081772108649849,0.003393884175160868,0.941210140686127,238601.23200000002,True
0.0003204101249599487,0.99,36068.044,0.04122772051705484,0.0029838847446045213,0.9294173197708256,235611.696,True
0.0003204101249599487,1.0,44215.92599999999,0.04207049712430955,0.002141108137349809,0.8984400607262808,227758.814,True
0.002331002331002331,0.01,15482.604,0.013199703889300154,0.00908832071066568,0.99649866901897,252617.13600000003,True
0.002331002331002331,0.050833333333333335,13266.864,0.014623313023176357,0.007664711576789477,0.9960676711607049,252507.876,True
0.002331002331002331,0.09166666666666666,12306.97,0.015226923295939866,0.007061101304025967,0.9959686355371501,252482.77,True
0.002331002331002331,0.1325,11969.684,0.01580775582256136,0.006480268777404476,0.9938672389321004,251950.05599999998,True
0.002331002331002331,0.17333333333333334,11949.684,0.015819144695632368,0.006468879904333466,0.9938672389321004,251950.05599999998,True
0.002331002331002331,0.21416666666666667,11152.75,0.016513865952963953,0.005774158647001879,0.9929873106120224,251726.98999999996,True
0.002331002331002331,0.255,11207.38,0.01667331017595809,0.0056147144240077445,0.9920617657878903,251492.36000000002,True
0.002331002331002331,0.29583333333333334,10939.606,0.017049142987301407,0.005238881612664427,0.991106257026989,251250.134,True
0.002331002331002331,0.3,10939.606,0.017049142987301407,0.005238881612664427,0.991106257026989,251250.134,True
0.002331002331002331,0.33666666666666667,10939.606,0.017049142987301407,0.005238881612664427,0.991106257026989,251250.134,True
0.002331002331002331,0.3775,10939.606,0.017049142987301407,0.005238881612664427,0.991106257026989,251250.134,True
0.002331002331002331,0.41833333333333333,10939.606,0.017049142987301407,0.005238881612664427,0.991106257026989,251250.134,True
0.002331002331002331,0.45916666666666667,10939.606,0.017049142987301407,0.005238881612664427,0.991106257026989,251250.134,True
0.002331002331002331,0.5,13142.689999999999,0.01753886452935482,0.004749160070611013,0.9812915135235736,248762.05,True
0.002331002331002331,0.5408333333333333,13303.613999999998,0.01755025340242583,0.0047377711975400034,0.9806764402117295,248606.12600000002,True
0.002331002331002331,0.5816666666666667,13303.613999999998,0.01755025340242583,0.0047377711975400034,0.9806764402117295,248606.12600000002,True
0.002331002331002331,0.6225,14222.764,0.017743864244632992,0.00454416035533284,0.9766956467954013,247596.97600000002,True
0.002331002331002331,0.6633333333333333,14232.16,0.017755253117704005,0.00453277148226183,0.9766783058967655,247592.58,True
0.002331002331002331,0.7041666666666666,14682.187999999998,0.0178691418484141,0.004418882751551734,0.9747058457368488,247092.55199999997,True
0.002331002331002331,0.745,14900.599999999999,0.01789191959455612,0.004396105005409714,0.9737851055566062,246859.14,True
0.002331002331002331,0.75,14900.599999999999,0.01789191959455612,0.004396105005409714,0.9737851055566062,246859.14,True
0.002331002331002331,0.7858333333333334,16300.703999999998,0.01817664142133136,0.004111383178634474,0.9678676461828682,245359.036,True
0.002331002331002331,0.8266666666666667,22434.547999999995,0.01879164056716588,0.0034963840327999545,0.9445393092058161,239445.192,True
0.002331002331002331,0.8674999999999999,22649.647999999997,0.018803029440236887,0.0034849951597289448,0.9437105278583745,239235.09199999998,True
0.002331002331002331,0.9083333333333333,23477.323999999997,0.018894140424804966,0.003393884175160868,0.9405047653152364,238422.41600000003,True
0.002331002331002331,0.9491666666666667,23477.323999999997,0.018894140424804966,0.003393884175160868,0.9405047653152364,238422.41600000003,True
0.002331002331002331,0.99,26621.859999999993,0.01930413985536131,0.0029838847446045213,0.9287119443999351,235432.88,True
0.002331002331002331,1.0,34769.742,0.020146916462616023,0.002141108137349809,0.8977346853553904,227579.99800000002,True
0.01,0.050833333333333335,8929.36,0.001423609133876203,0.007664711576789477,0.9903182875397123,251050.38,True
0.01,0.09166666666666666,7969.466,0.002027219406639713,0.007061101304025967,0.9902192519161576,251025.274,True
0.01,0.1325,7632.18,0.0026080519332612037,0.006480268777404476,0.9881178553111079,250492.56,True
0.01,0.17333333333333334,7612.18,0.0026194408063322135,0.006468879904333466,0.9881178553111079,250492.56,True
0.01,0.21416666666666667,6815.245999999999,0.0033141620636638006,0.005774158647001879,0.9872379269910297,250269.49399999998,True
0.01,0.255,6869.876,0.0034736062866579354,0.0056147144240077445,0.9863123821668975,250034.864,True
0.01,0.29583333333333334,6602.101999999999,0.0038494390980012526,0.005238881612664427,0.9853568734059963,249792.638,True
0.01,0.3,6602.101999999999,0.0038494390980012526,0.005238881612664427,0.9853568734059963,249792.638,True
0.01,0.33666666666666667,6602.101999999999,0.0038494390980012526,0.005238881612664427,0.9853568734059963,249792.638,True
0.01,0.3775,6602.101999999999,0.0038494390980012526,0.005238881612664427,0.9853568734059963,249792.638,True
0.01,0.41833333333333333,6602.101999999999,0.0038494390980012526,0.005238881612664427,0.9853568734059963,249792.638,True
0.01,0.45916666666666667,6602.101999999999,0.0038494390980012526,0.005238881612664427,0.9853568734059963,249792.638,True
0.01,0.5,8805.186,0.004339160640054666,0.004749160070611013,0.9755421299025809,247304.554,True
0.01,0.5408333333333333,8966.109999999999,0.004350549513125676,0.0047377711975400034,0.9749270565907369,247148.63000000003,True
0.01,0.5816666666666667,8966.109999999999,0.004350549513125676,0.0047377711975400034,0.9749270565907369,247148.63000000003,True
0.01,0.6225,9885.26,0.00454416035533284,0.00454416035533284,0.9709462631744087,246139.48000000004,True
0.01,0.6633333333333333,9894.655999999999,0.0045555492284038495,0.00453277148226183,0.9709289222757728,246135.08399999997,True
0.01,0.7041666666666666,10344.684,0.004669437959113946,0.004418882751551734,0.9689564621158563,245635.05599999998,True
0.01,0.745,10563.096,0.004692215705255965,0.004396105005409714,0.9680357219356136,245401.644,True
0.01,0.75,10563.096,0.004692215705255965,0.004396105005409714,0.9680357219356136,245401.644,True
0.01,0.7858333333333334,11963.199999999999,0.004976937532031205,0.004111383178634474,0.9621182625618755,243901.53999999998,True
0.01,0.8266666666666667,18097.043999999998,0.005591936677865725,0.0034963840327999545,0.9387899255848235,237987.69600000003,True
0.01,0.8674999999999999,18312.143999999997,0.005603325550936735,0.0034849951597289448,0.9379611442373819,237777.596,True
0.01,0.9083333333333333,19139.819999999996,0.005694436535504812,0.003393884175160868,0.9347553816942438,236964.92,True
0.01,0.9491666666666667,19139.819999999996,0.005694436535504812,0.003393884175160868,0.9347553816942438,236964.92,True
0.01,0.99,22284.355999999996,0.006104435966061158,0.0029838847446045213,0.9229625607789425,233975.384,True
0.01,1.0,30432.237999999994,0.006947212573315871,0.002141108137349809,0.8919853017343977,226122.50200000004,True
0.050833333333333335,0.09166666666666666,7781.505999999999,0.0006036102727635101,0.007061101304025967,0.9884952604830979,250588.234,True
0.050833333333333335,0.1325,7444.219999999999,0.0011844427993850009,0.006480268777404476,0.9863938638780482,250055.52,True
0.050833333333333335,0.17333333333333334,7424.219999999999,0.0011958316724560104,0.006468879904333466,0.9863938638780482,250055.52,True
0.050833333333333335,0.21416666666666667,6627.285999999999,0.0018905529297875976,0.005774158647001879,0.9855139355579702,249832.45399999997,True
0.050833333333333335,0.255,6681.915999999999,0.002049997152781732,0.0056147144240077445,0.9845883907338381,249597.82400000002,True
0.050833333333333335,0.29583333333333334,6414.142,0.0024258299641250498,0.005238881612664427,0.9836328819729367,249355.598,True
0.050833333333333335,0.3,6414.142,0.0024258299641250498,0.005238881612664427,0.9836328819729367,249355.598,True
0.050833333333333335,0.33666666666666667,6414.142,0.0024258299641250498,0.005238881612664427,0.9836328819729367,249355.598,True
0.050833333333333335,0.3775,6414.142,0.0024258299641250498,0.005238881612664427,0.9836328819729367,249355.598,True
0.050833333333333335,0.41833333333333333,6414.142,0.0024258299641250498,0.005238881612664427,0.9836328819729367,249355.598,True
0.050833333333333335,0.45916666666666667,6414.142,0.0024258299641250498,0.005238881612664427,0.9836328819729367,249355.598,True
0.050833333333333335,0.5,8617.225999999999,0.0029155515061784635,0.004749160070611013,0.9738181384695214,246867.514,True
0.050833333333333335,0.5408333333333333,8778.15,0.0029269403792494732,0.0047377711975400034,0.9732030651576773,246711.59000000003,True
0.050833333333333335,0.5816666666666667,8778.15,0.0029269403792494732,0.0047377711975400034,0.9732030651576773,246711.59000000003,True
0.050833333333333335,0.6225,9697.3,0.003120551221456637,0.00454416035533284,0.969222271741349,245702.44000000003,True
0.050833333333333335,0.6633333333333333,9706.695999999998,0.0031319400945276463,0.00453277148226183,0.9692049308427132,245698.044,True
0.050833333333333335,0.7041666666666666,10156.723999999998,0.003245828825237743,0.004418882751551734,0.9672324706827966,245198.01599999997,True
0.050833333333333335,0.745,10375.135999999999,0.003268606571379762,0.004396105005409714,0.9663117305025539,244964.604,True
0.050833333333333335,0.75,10375.135999999999,0.003268606571379762,0.004396105005409714,0.9663117305025539,244964.604,True
0.050833333333333335,0.7858333333333334,11775.239999999996,0.0035533283981550026,0.004111383178634474,0.960394271128816,243464.5,True
0.050833333333333335,0.8266666666666667,17909.083999999995,0.004168327543989522,0.0034963840327999545,0.9370659341517639,237550.65600000002,True
0.050833333333333335,0.8674999999999999,18124.183999999994,0.004179716417060532,0.0034849951597289448,0.9362371528043223,237340.55599999998,True
0.050833333333333335,0.9083333333333333,18951.859999999997,0.0042708274016286085,0.003393884175160868,0.9330313902611841,236527.88,True
0.050833333333333335,0.9491666666666667,18951.859999999997,0.0042708274016286085,0.003393884175160868,0.9330313902611841,236527.88,True
0.050833333333333335,0.99,22096.395999999993,0.004680826832184955,0.0029838847446045213,0.9212385693458828,233538.34399999998,True
0.050833333333333335,1.0,30244.278,0.005523603439439667,0.002141108137349809,0.8902613103013381,225685.46200000003,True
0.09166666666666666,0.1325,7279.644,0.0005808325266214908,0.006480268777404476,0.9859977213838289,249955.096,True
0.09166666666666666,0.17333333333333334,7259.644,0.0005922213996925004,0.006468879904333466,0.9859977213838289,249955.096,True
0.09166666666666666,0.21416666666666667,6462.709999999999,0.0012869426570240874,0.005774158647001879,0.9851177930637509,249732.02999999997,True
0.09166666666666666,0.255,6517.34,0.0014463868800182222,0.0056147144240077445,0.9841922482396188,249497.40000000002,True
0.09166666666666666,0.29583333333333334,6249.566,0.0018222196913615398,0.005238881612664427,0.9832367394787175,249255.174,True
0.09166666666666666,0.3,6249.566,0.0018222196913615398,0.005238881612664427,0.9832367394787175,249255.174,True
0.09166666666666666,0.33666666666666667,6249.566,0.0018222196913615398,0.005238881612664427,0.9832367394787175,249255.174,True
0.09166666666666666,0.3775,6249.566,0.0018222196913615398,0.005238881612664427,0.9832367394787175,249255.174,True
0.09166666666666666,0.41833333333333333,6249.566,0.0018222196913615398,0.005238881612664427,0.9832367394787175,249255.174,True
0.09166666666666666,0.45916666666666667,6249.566,0.0018222196913615398,0.005238881612664427,0.9832367394787175,249255.174,True
0.09166666666666666,0.5,8452.65,0.0023119412334149537,0.004749160070611013,0.9734219959753021,246767.09,True
0.09166666666666666,0.5408333333333333,8613.573999999999,0.002323330106485963,0.0047377711975400034,0.972806922663458,246611.16600000003,True
0.09166666666666666,0.5816666666666667,8613.573999999999,0.002323330106485963,0.0047377711975400034,0.972806922663458,246611.16600000003,True
0.09166666666666666,0.6225,9532.723999999998,0.0025169409486931267,0.00454416035533284,0.9688261292471299,245602.01600000003,True
0.09166666666666666,0.6633333333333333,9542.119999999999,0.0025283298217641365,0.00453277148226183,0.968808788348494,245597.62,True
0.09166666666666666,0.7041666666666666,9992.147999999997,0.0026422185524742326,0.004418882751551734,0.9668363281885773,245097.59199999998,True
0.09166666666666666,0.745,10210.559999999998,0.0026649962986162517,0.004396105005409714,0.9659155880083347,244864.18,True
0.09166666666666666,0.75,10210.559999999998,0.0026649962986162517,0.004396105005409714,0.9659155880083347,244864.18,True
0.09166666666666666,0.7858333333333334,11610.663999999997,0.0029497181253914924,0.004111383178634474,0.9599981286345968,243364.076,True
0.09166666666666666,0.8266666666666667,17744.507999999998,0.0035647172712260124,0.0034963840327999545,0.9366697916575446,237450.23200000002,True
0.09166666666666666,0.8674999999999999,17959.607999999993,0.0035761061442970217,0.0034849951597289448,0.935841010310103,237240.13199999998,True
0.09166666666666666,0.9083333333333333,18787.283999999992,0.0036672171288650987,0.003393884175160868,0.9326352477669649,236427.456,True
0.09166666666666666,0.9491666666666667,18787.283999999992,0.0036672171288650987,0.003393884175160868,0.9326352477669649,236427.456,True
0.09166666666666666,0.99,21931.819999999996,0.004077216559421446,0.0029838847446045213,0.9208424268516636,233437.91999999998,True
0.09166666666666666,1.0,30079.70199999999,0.004919993166676157,0.002141108137349809,0.8898651678071188,225585.038,True
0.1325,0.17333333333333334,9135.5,1.1388873071009623e-05,0.006468879904333466,0.9775921349636303,247824.24,True
0.1325,0.21416666666666667,8338.565999999999,0.0007061101304025966,0.005774158647001879,0.9767122066435522,247601.17399999997,True
0.1325,0.255,8393.196,0.0008655543533967314,0.0056147144240077445,0.9757866618194202,247366.54400000002,True
0.1325,0.29583333333333334,8125.4220000000005,0.001241387164740049,0.005238881612664427,0.9748311530585188,247124.318,True
0.1325,0.3,8125.4220000000005,0.001241387164740049,0.005238881612664427,0.9748311530585188,247124.318,True
0.1325,0.33666666666666667,8125.4220000000005,0.001241387164740049,0.005238881612664427,0.9748311530585188,247124.318,True
0.1325,0.3775,8125.4220000000005,0.001241387164740049,0.005238881612664427,0.9748311530585188,247124.318,True
0.1325,0.41833333333333333,8125.4220000000005,0.001241387164740049,0.005238881612664427,0.9748311530585188,247124.318,True
0.1325,0.45916666666666667,8125.4220000000005,0.001241387164740049,0.005238881612664427,0.9748311530585188,247124.318,True
0.1325,0.5,10328.506,0.0017311087067934628,0.004749160070611013,0.9650164095551034,244636.234,True
0.1325,0.5408333333333333,10489.43,0.0017424975798644724,0.0047377711975400034,0.9644013362432593,244480.31000000003,True
0.1325,0.5816666666666667,10489.43,0.0017424975798644724,0.0047377711975400034,0.9644013362432593,244480.31000000003,True
0.1325,0.6225,11408.579999999998,0.001936108422071636,0.00454416035533284,0.9604205428269311,243471.16000000003,True
0.1325,0.6633333333333333,11417.975999999999,0.0019474972951426456,0.00453277148226183,0.9604032019282953,243466.764,True
0.1325,0.7041666666666666,11868.003999999997,0.002061386025852742,0.004418882751551734,0.9584307417683787,242966.73599999998,True
0.1325,0.745,12086.415999999997,0.002084163771994761,0.004396105005409714,0.957510001588136,242733.324,True
0.1325,0.75,12086.415999999997,0.002084163771994761,0.004396105005409714,0.957510001588136,242733.324,True
0.1325,0.7858333333333334,13486.519999999999,0.0023688855987700017,0.004111383178634474,0.9515925422143979,241233.21999999997,True
0.1325,0.8266666666666667,19620.363999999994,0.0029838847446045213,0.0034963840327999545,0.928264205237346,235319.37600000002,True
0.1325,0.8674999999999999,19835.464,0.002995273617675531,0.0034849951597289448,0.9274354238899044,235109.27599999998,True
0.1325,0.9083333333333333,20663.14,0.003086384602243608,0.003393884175160868,0.9242296613467663,234296.60000000003,True
0.1325,0.9491666666666667,20663.14,0.003086384602243608,0.003393884175160868,0.9242296613467663,234296.60000000003,True
0.1325,0.99,23807.675999999996,0.0034963840327999545,0.0029838847446045213,0.912436840431465,231307.064,True
0.1325,1.0,31955.557999999997,0.004339160640054666,0.002141108137349809,0.8814595813869202,223454.18200000003,True
0.17333333333333334,0.21416666666666667,8333.565999999999,0.0006947212573315871,0.005774158647001879,0.9767122066435522,247601.17399999997,True
0.17333333333333334,0.255,8388.196,0.0008541654803257217,0.0056147144240077445,0.9757866618194202,247366.54400000002,True
0.17333333333333334,0.29583333333333334,8120.4220000000005,0.0012299982916690393,0.005238881612664427,0.9748311530585188,247124.318,True
0.17333333333333334,0.3,8120.4220000000005,0.0012299982916690393,0.005238881612664427,0.9748311530585188,247124.318,True
0.17333333333333334,0.33666666666666667,8120.4220000000005,0.0012299982916690393,0.005238881612664427,0.9748311530585188,247124.318,True
0.17333333333333334,0.3775,8120.4220000000005,0.0012299982916690393,0.005238881612664427,0.9748311530585188,247124.318,True
0.17333333333333334,0.41833333333333333,8120.4220000000005,0.0012299982916690393,0.005238881612664427,0.9748311530585188,247124.318,True
0.17333333333333334,0.45916666666666667,8120.4220000000005,0.0012299982916690393,0.005238881612664427,0.9748311530585188,247124.318,True
0.17333333333333334,0.5,10323.506,0.0017197198337224532,0.004749160070611013,0.9650164095551034,244636.234,True
0.17333333333333334,0.5408333333333333,10484.43,0.0017311087067934628,0.0047377711975400034,0.9644013362432593,244480.31000000003,True
0.17333333333333334,0.5816666666666667,10484.43,0.0017311087067934628,0.0047377711975400034,0.9644013362432593,244480.31000000003,True
0.17333333333333334,0.6225,11403.579999999998,0.0019247195490006263,0.00454416035533284,0.9604205428269311,243471.16000000003,True
0.17333333333333334,0.6633333333333333,11412.975999999999,0.001936108422071636,0.00453277148226183,0.9604032019282953,243466.764,True
0.17333333333333334,0.7041666666666666,11863.003999999997,0.002049997152781732,0.004418882751551734,0.9584307417683787,242966.73599999998,True
0.17333333333333334,0.745,12081.415999999997,0.0020727748989237513,0.004396105005409714,0.957510001588136,242733.324,True
0.17333333333333334,0.75,12081.415999999997,0.0020727748989237513,0.004396105005409714,0.957510001588136,242733.324,True
0.17333333333333334,0.7858333333333334,13481.519999999999,0.002357496725698992,0.004111383178634474,0.9515925422143979,241233.21999999997,True
0.17333333333333334,0.8266666666666667,19615.363999999994,0.002972495871533512,0.0034963840327999545,0.928264205237346,235319.37600000002,True
0.17333333333333334,0.8674999999999999,19830.464,0.0029838847446045213,0.0034849951597289448,0.9274354238899044,235109.27599999998,True
0.17333333333333334,0.9083333333333333,20658.14,0.0030749957291725982,0.003393884175160868,0.9242296613467663,234296.60000000003,True
0.17333333333333334,0.9491666666666667,20658.14,0.0030749957291725982,0.003393884175160868,0.9242296613467663,234296.60000000003,True
0.17333333333333334,0.99,23802.675999999996,0.0034849951597289448,0.0029838847446045213,0.912436840431465,231307.064,True
0.17333333333333334,1.0,31950.557999999997,0.004327771766983657,0.002141108137349809,0.8814595813869202,223454.18200000003,True
0.21416666666666667,0.255,8975.46,0.00015944422299413473,0.0056147144240077445,0.9722669485391082,246474.28,True
0.21416666666666667,0.29583333333333334,8707.686,0.0005352770343374523,0.005238881612664427,0.971311439778207,246232.054,True
0.21416666666666667,0.3,8707.686,0.0005352770343374523,0.005238881612664427,0.971311439778207,246232.054,True
0.21416666666666667,0.33666666666666667,8707.686,0.0005352770343374523,0.005238881612664427,0.971311439778207,246232.054,True
0.21416666666666667,0.3775,8707.686,0.0005352770343374523,0.005238881612664427,0.971311439778207,246232.054,True
0.21416666666666667,0.41833333333333333,8707.686,0.0005352770343374523,0.005238881612664427,0.971311439778207,246232.054,True
0.21416666666666667,0.45916666666666667,8707.686,0.0005352770343374523,0.005238881612664427,0.971311439778207,246232.054,True
0.21416666666666667,0.5,10910.77,0.001024998576390866,0.004749160070611013,0.9614966962747916,243743.97,True
0.21416666666666667,0.5408333333333333,11071.694,0.0010363874494618756,0.0047377711975400034,0.9608816229629475,243588.04600000003,True
0.21416666666666667,0.5816666666666667,11071.694,0.0010363874494618756,0.0047377711975400034,0.9608816229629475,243588.04600000003,True
0.21416666666666667,0.6225,11990.843999999997,0.0012299982916690393,0.00454416035533284,0.9569008295466191,242578.896,True
0.21416666666666667,0.6633333333333333,12000.239999999998,0.001241387164740049,0.00453277148226183,0.9568834886479834,242574.5,True
0.21416666666666667,0.7041666666666666,12450.267999999998,0.0013552758954501452,0.004418882751551734,0.9549110284880669,242074.47199999998,True
0.21416666666666667,0.745,12668.679999999998,0.0013780536415921646,0.004396105005409714,0.9539902883078242,241841.06,True
0.21416666666666667,0.75,12668.679999999998,0.0013780536415921646,0.004396105005409714,0.9539902883078242,241841.06,True
0.21416666666666667,0.7858333333333334,14068.783999999998,0.001662775468367405,0.004111383178634474,0.9480728289340862,240340.95599999998,True
0.21416666666666667,0.8266666666666667,20202.627999999997,0.0022777746142019248,0.0034963840327999545,0.9247444919570341,234427.11200000002,True
0.21416666666666667,0.8674999999999999,20417.727999999996,0.0022891634872729346,0.0034849951597289448,0.9239157106095925,234217.012,True
0.21416666666666667,0.9083333333333333,21245.403999999995,0.0023802744718410115,0.003393884175160868,0.9207099480664543,233404.336,True
0.21416666666666667,0.9491666666666667,21245.403999999995,0.0023802744718410115,0.003393884175160868,0.9207099480664543,233404.336,True
0.21416666666666667,0.99,24389.939999999995,0.0027902739023973576,0.0029838847446045213,0.908917127151153,230414.8,True
0.21416666666666667,1.0,32537.821999999993,0.0036330505096520698,0.002141108137349809,0.8779398681066083,222561.918,True
0.255,0.29583333333333334,9576.205999999998,0.00037583281134331755,0.005238881612664427,0.9676092604816778,245293.534,True
0.255,0.3,9576.205999999998,0.00037583281134331755,0.005238881612664427,0.9676092604816778,245293.534,True
0.255,0.33666666666666667,9576.205999999998,0.00037583281134331755,0.005238881612664427,0.9676092604816778,245293.534,True
0.255,0.3775,9576.205999999998,0.00037583281134331755,0.005238881612664427,0.9676092604816778,245293.534,True
0.255,0.41833333333333333,9576.205999999998,0.00037583281134331755,0.005238881612664427,0.9676092604816778,245293.534,True
0.255,0.45916666666666667,9576.205999999998,0.00037583281134331755,0.005238881612664427,0.9676092604816778,245293.534,True
0.255,0.5,11779.289999999999,0.0008655543533967314,0.004749160070611013,0.9577945169782625,242805.45,True
0.255,0.5408333333333333,11940.213999999998,0.000876943226467741,0.0047377711975400034,0.9571794436664184,242649.52600000004,True
0.255,0.5816666666666667,11940.213999999998,0.000876943226467741,0.0047377711975400034,0.9571794436664184,242649.52600000004,True
0.255,0.6225,12859.363999999998,0.0010705540686749046,0.00454416035533284,0.9531986502500901,241640.37600000002,True
0.255,0.6633333333333333,12868.759999999998,0.0010819429417459143,0.00453277148226183,0.9531813093514543,241635.97999999998,True
0.255,0.7041666666666666,13318.787999999997,0.0011958316724560104,0.004418882751551734,0.9512088491915377,241135.95199999996,True
0.255,0.745,13537.199999999997,0.0012186094185980298,0.004396105005409714,0.9502881090112951,240902.54,True
0.255,0.75,13537.199999999997,0.0012186094185980298,0.004396105005409714,0.9502881090112951,240902.54,True
0.255,0.7858333333333334,14937.303999999996,0.0015033312453732702,0.004111383178634474,0.944370649637557,239402.436,True
0.255,0.8266666666666667,21071.147999999994,0.00211833039120779,0.0034963840327999545,0.921042312660505,233488.592,True
0.255,0.8674999999999999,21286.247999999996,0.0021297192642787998,0.0034849951597289448,0.9202135313130634,233278.49199999997,True
0.255,0.9083333333333333,22113.923999999995,0.0022208302488468767,0.003393884175160868,0.9170077687699252,232465.816,True
0.255,0.9491666666666667,22113.923999999995,0.0022208302488468767,0.003393884175160868,0.9170077687699252,232465.816,True
0.255,0.99,25258.459999999995,0.0026308296794032232,0.0029838847446045213,0.9052149478546239,229476.27999999997,True
0.255,1.0,33406.34199999999,0.0034736062866579354,0.002141108137349809,0.8742376888100791,221623.39800000002,True
0.29583333333333334,0.3,10380.109999999999,0.0,0.005238881612664427,0.9637872254380727,244324.63,True
0.29583333333333334,0.33666666666666667,10380.109999999999,0.0,0.005238881612664427,0.9637872254380727,244324.63,True
0.29583333333333334,0.3775,10380.109999999999,0.0,0.005238881612664427,0.9637872254380727,244324.63,True
0.29583333333333334,0.41833333333333333,10380.109999999999,0.0,0.005238881612664427,0.9637872254380727,244324.63,True
0.29583333333333334,0.45916666666666667,10380.109999999999,0.0,0.005238881612664427,0.9637872254380727,244324.63,True
0.29583333333333334,0.5,12583.194,0.0004897215420534138,0.004749160070611013,0.9539724819346573,241836.546,True
0.29583333333333334,0.5408333333333333,12744.117999999999,0.0005011104151244235,0.0047377711975400034,0.9533574086228133,241680.62200000003,True
0.29583333333333334,0.5816666666666667,12744.117999999999,0.0005011104151244235,0.0047377711975400034,0.9533574086228133,241680.62200000003,True
0.29583333333333334,0.6225,13663.267999999996,0.0006947212573315871,0.00454416035533284,0.949376615206485,240671.472,True
0.29583333333333334,0.6633333333333333,13672.663999999997,0.0007061101304025966,0.00453277148226183,0.9493592743078492,240667.07599999997,True
0.29583333333333334,0.7041666666666666,14122.692,0.0008199988611126929,0.004418882751551734,0.9473868141479327,240167.04799999998,True
0.29583333333333334,0.745,14341.103999999998,0.0008427766072547122,0.004396105005409714,0.9464660739676899,239933.636,True
0.29583333333333334,0.75,14341.103999999998,0.0008427766072547122,0.004396105005409714,0.9464660739676899,239933.636,True
0.29583333333333334,0.7858333333333334,15741.207999999997,0.0011274984340299528,0.004111383178634474,0.9405486145939519,238433.53199999998,True
0.29583333333333334,0.8266666666666667,21875.051999999996,0.0017424975798644724,0.0034963840327999545,0.9172202776169,232519.68800000002,True
0.29583333333333334,0.8674999999999999,22090.151999999995,0.001753886452935482,0.0034849951597289448,0.9163914962694583,232309.588,True
0.29583333333333334,0.9083333333333333,22917.827999999994,0.0018449974375035591,0.003393884175160868,0.9131857337263202,231496.912,True
0.29583333333333334,0.9491666666666667,22917.827999999994,0.0018449974375035591,0.003393884175160868,0.9131857337263202,231496.912,True
0.29583333333333334,0.99,26062.363999999994,0.0022549968680599056,0.0029838847446045213,0.9013929128110189,228507.376,True
0.29583333333333334,1.0,34210.24599999999,0.003097773475314618,0.002141108137349809,0.870415653766474,220654.494,True
0.3,0.33666666666666667,10380.109999999999,0.0,0.005238881612664427,0.9637872254380727,244324.63,True
0.3,0.3775,10380.109999999999,0.0,0.005238881612664427,0.9637872254380727,244324.63,True
0.3,0.41833333333333333,10380.109999999999,0.0,0.005238881612664427,0.9637872254380727,244324.63,True
0.3,0.45916666666666667,10380.109999999999,0.0,0.005238881612664427,0.9637872254380727,244324.63,True
0.3,0.5,12583.194,0.0004897215420534138,0.004749160070611013,0.9539724819346573,241836.546,True
0.3,0.5408333333333333,12744.117999999999,0.0005011104151244235,0.0047377711975400034,0.9533574086228133,241680.62200000003,True
0.3,0.5816666666666667,12744.117999999999,0.0005011104151244235,0.0047377711975400034,0.9533574086228133,241680.62200000003,True
0.3,0.6225,13663.267999999996,0.0006947212573315871,0.00454416035533284,0.949376615206485,240671.472,True
0.3,0.6633333333333333,13672.663999999997,0.0007061101304025966,0.00453277148226183,0.9493592743078492,240667.07599999997,True
0.3,0.7041666666666666,14122.692,0.0008199988611126929,0.004418882751551734,0.9473868141479327,240167.04799999998,True
0.3,0.745,14341.103999999998,0.0008427766072547122,0.004396105005409714,0.9464660739676899,239933.636,True
0.3,0.75,14341.103999999998,0.0008427766072547122,0.004396105005409714,0.9464660739676899,239933.636,True
0.3,0.7858333333333334,15741.207999999997,0.0011274984340299528,0.004111383178634474,0.9405486145939519,238433.53199999998,True
0.3,0.8266666666666667,21875.051999999996,0.0017424975798644724,0.0034963840327999545,0.9172202776169,232519.68800000002,True
0.3,0.8674999999999999,22090.151999999995,0.001753886452935482,0.0034849951597289448,0.9163914962694583,232309.588,True
0.3,0.9083333333333333,22917.827999999994,0.0018449974375035591,0.003393884175160868,0.9131857337263202,231496.912,True
0.3,0.9491666666666667,22917.827999999994,0.0018449974375035591,0.003393884175160868,0.9131857337263202,231496.912,True
0.3,0.99,26062.363999999994,0.0022549968680599056,0.0029838847446045213,0.9013929128110189,228507.376,True
0.3,1.0,34210.24599999999,0.003097773475314618,0.002141108137349809,0.870415653766474,220654.494,True
0.33666666666666667,0.3775,10380.109999999999,0.0,0.005238881612664427,0.9637872254380727,244324.63,True
0.33666666666666667,0.41833333333333333,10380.109999999999,0.0,0.005238881612664427,0.9637872254380727,244324.63,True
0.33666666666666667,0.45916666666666667,10380.109999999999,0.0,0.005238881612664427,0.9637872254380727,244324.63,True
0.33666666666666667,0.5,12583.194,0.0004897215420534138,0.004749160070611013,0.9539724819346573,241836.546,True
0.33666666666666667,0.5408333333333333,12744.117999999999,0.0005011104151244235,0.0047377711975400034,0.9533574086228133,241680.62200000003,True
0.33666666666666667,0.5816666666666667,12744.117999999999,0.0005011104151244235,0.0047377711975400034,0.9533574086228133,241680.62200000003,True
0.33666666666666667,0.6225,13663.267999999996,0.0006947212573315871,0.00454416035533284,0.949376615206485,240671.472,True
0.33666666666666667,0.6633333333333333,13672.663999999997,0.0007061101304025966,0.00453277148226183,0.9493592743078492,240667.07599999997,True
0.33666666666666667,0.7041666666666666,14122.692,0.0008199988611126929,0.004418882751551734,0.9473868141479327,240167.04799999998,True
0.33666666666666667,0.745,14341.103999999998,0.0008427766072547122,0.004396105005409714,0.9464660739676899,239933.636,True
0.33666666666666667,0.75,14341.103999999998,0.0008427766072547122,0.004396105005409714,0.9464660739676899,239933.636,True
0.33666666666666667,0.7858333333333334,15741.207999999997,0.0011274984340299528,0.004111383178634474,0.9405486145939519,238433.53199999998,True
0.33666666666666667,0.8266666666666667,21875.051999999996,0.0017424975798644724,0.0034963840327999545,0.9172202776169,232519.68800000002,True
0.33666666666666667,0.8674999999999999,22090.151999999995,0.001753886452935482,0.0034849951597289448,0.9163914962694583,232309.588,True
0.33666666666666667,0.9083333333333333,22917.827999999994,0.0018449974375035591,0.003393884175160868,0.9131857337263202,231496.912,True
0.33666666666666667,0.9491666666666667,22917.827999999994,0.0018449974375035591,0.003393884175160868,0.9131857337263202,231496.912,True
0.33666666666666667,0.99,26062.363999999994,0.0022549968680599056,0.0029838847446045213,0.9013929128110189,228507.376,True
0.33666666666666667,1.0,34210.24599999999,0.003097773475314618,0.002141108137349809,0.870415653766474,220654.494,True
0.3775,0.41833333333333333,10380.109999999999,0.0,0.005238881612664427,0.9637872254380727,244324.63,True
0.3775,0.45916666666666667,10380.109999999999,0.0,0.005238881612664427,0.9637872254380727,244324.63,True
0.3775,0.5,12583.194,0.0004897215420534138,0.004749160070611013,0.9539724819346573,241836.546,True
0.3775,0.5408333333333333,12744.117999999999,0.0005011104151244235,0.0047377711975400034,0.9533574086228133,241680.62200000003,True
0.3775,0.5816666666666667,12744.117999999999,0.0005011104151244235,0.0047377711975400034,0.9533574086228133,241680.62200000003,True
0.3775,0.6225,13663.267999999996,0.0006947212573315871,0.00454416035533284,0.949376615206485,240671.472,True
0.3775,0.6633333333333333,13672.663999999997,0.0007061101304025966,0.00453277148226183,0.9493592743078492,240667.07599999997,True
0.3775,0.7041666666666666,14122.692,0.0008199988611126929,0.004418882751551734,0.9473868141479327,240167.04799999998,True
0.3775,0.745,14341.103999999998,0.0008427766072547122,0.004396105005409714,0.9464660739676899,239933.636,True
0.3775,0.75,14341.103999999998,0.0008427766072547122,0.004396105005409714,0.9464660739676899,239933.636,True
0.3775,0.7858333333333334,15741.207999999997,0.0011274984340299528,0.004111383178634474,0.9405486145939519,238433.53199999998,True
0.3775,0.8266666666666667,21875.051999999996,0.0017424975798644724,0.0034963840327999545,0.9172202776169,232519.68800000002,True
0.3775,0.8674999999999999,22090.151999999995,0.001753886452935482,0.0034849951597289448,0.9163914962694583,232309.588,True
0.3775,0.9083333333333333,22917.827999999994,0.0018449974375035591,0.003393884175160868,0.9131857337263202,231496.912,True
0.3775,0.9491666666666667,22917.827999999994,0.0018449974375035591,0.003393884175160868,0.9131857337263202,231496.912,True
0.3775,0.99,26062.363999999994,0.0022549968680599056,0.0029838847446045213,0.9013929128110189,228507.376,True
0.3775,1.0,34210.24599999999,0.003097773475314618,0.002141108137349809,0.870415653766474,220654.494,True
0.41833333333333333,0.45916666666666667,10380.109999999999,0.0,0.005238881612664427,0.9637872254380727,244324.63,True
0.41833333333333333,0.5,12583.194,0.0004897215420534138,0.004749160070611013,0.9539724819346573,241836.546,True
0.41833333333333333,0.5408333333333333,12744.117999999999,0.0005011104151244235,0.0047377711975400034,0.9533574086228133,241680.62200000003,True
0.41833333333333333,0.5816666666666667,12744.117999999999,0.0005011104151244235,0.0047377711975400034,0.9533574086228133,241680.62200000003,True
0.41833333333333333,0.6225,13663.267999999996,0.0006947212573315871,0.00454416035533284,0.949376615206485,240671.472,True
0.41833333333333333,0.6633333333333333,13672.663999999997,0.0007061101304025966,0.00453277148226183,0.9493592743078492,240667.07599999997,True
0.41833333333333333,0.7041666666666666,14122.692,0.0008199988611126929,0.004418882751551734,0.9473868141479327,240167.04799999998,True
0.41833333333333333,0.745,14341.103999999998,0.0008427766072547122,0.004396105005409714,0.9464660739676899,239933.636,True
0.41833333333333333,0.75,14341.103999999998,0.0008427766072547122,0.004396105005409714,0.9464660739676899,239933.636,True
0.41833333333333333,0.7858333333333334,15741.207999999997,0.0011274984340299528,0.004111383178634474,0.9405486145939519,238433.53199999998,True
0.41833333333333333,0.8266666666666667,21875.051999999996,0.0017424975798644724,0.0034963840327999545,0.9172202776169,232519.68800000002,True
0.41833333333333333,0.8674999999999999,22090.151999999995,0.001753886452935482,0.0034849951597289448,0.9163914962694583,232309.588,True
0.41833333333333333,0.9083333333333333,22917.827999999994,0.0018449974375035591,0.003393884175160868,0.9131857337263202,231496.912,True
0.41833333333333333,0.9491666666666667,22917.827999999994,0.0018449974375035591,0.003393884175160868,0.9131857337263202,231496.912,True
0.41833333333333333,0.99,26062.363999999994,0.0022549968680599056,0.0029838847446045213,0.9013929128110189,228507.376,True
0.41833333333333333,1.0,34210.24599999999,0.003097773475314618,0.002141108137349809,0.870415653766474,220654.494,True
0.45916666666666667,0.5,12583.194,0.0004897215420534138,0.004749160070611013,0.9539724819346573,241836.546,True
0.45916666666666667,0.5408333333333333,12744.117999999999,0.0005011104151244235,0.0047377711975400034,0.9533574086228133,241680.62200000003,True
0.45916666666666667,0.5816666666666667,12744.117999999999,0.0005011104151244235,0.0047377711975400034,0.9533574086228133,241680.62200000003,True
0.45916666666666667,0.6225,13663.267999999996,0.0006947212573315871,0.00454416035533284,0.949376615206485,240671.472,True
0.45916666666666667,0.6633333333333333,13672.663999999997,0.0007061101304025966,0.00453277148226183,0.9493592743078492,240667.07599999997,True
0.45916666666666667,0.7041666666666666,14122.692,0.0008199988611126929,0.004418882751551734,0.9473868141479327,240167.04799999998,True
0.45916666666666667,0.745,14341.103999999998,0.0008427766072547122,0.004396105005409714,0.9464660739676899,239933.636,True
0.45916666666666667,0.75,14341.103999999998,0.0008427766072547122,0.004396105005409714,0.9464660739676899,239933.636,True
0.45916666666666667,0.7858333333333334,15741.207999999997,0.0011274984340299528,0.004111383178634474,0.9405486145939519,238433.53199999998,True
0.45916666666666667,0.8266666666666667,21875.051999999996,0.0017424975798644724,0.0034963840327999545,0.9172202776169,232519.68800000002,True
0.45916666666666667,0.8674999999999999,22090.151999999995,0.001753886452935482,0.0034849951597289448,0.9163914962694583,232309.588,True
0.45916666666666667,0.9083333333333333,22917.827999999994,0.0018449974375035591,0.003393884175160868,0.9131857337263202,231496.912,True
0.45916666666666667,0.9491666666666667,22917.827999999994,0.0018449974375035591,0.003393884175160868,0.9131857337263202,231496.912,True
0.45916666666666667,0.99,26062.363999999994,0.0022549968680599056,0.0029838847446045213,0.9013929128110189,228507.376,True
0.45916666666666667,1.0,34210.24599999999,0.003097773475314618,0.002141108137349809,0.870415653766474,220654.494,True
0.5,0.5408333333333333,22481.453999999998,1.1388873071009623e-05,0.0047377711975400034,0.9140984346091519,231728.28600000002,True
0.5,0.5816666666666667,22481.453999999998,1.1388873071009623e-05,0.0047377711975400034,0.9140984346091519,231728.28600000002,True
0.5,0.6225,23400.604,0.00020499971527817323,0.00454416035533284,0.9101176411928236,230719.13600000003,True
0.5,0.6633333333333333,23410.0,0.00021638858834918285,0.00453277148226183,0.9101003002941878,230714.74,True
0.5,0.7041666666666666,23860.028,0.0003302773190592791,0.004418882751551734,0.9081278401342712,230214.71199999997,True
0.5,0.745,24078.44,0.0003530550652012983,0.004396105005409714,0.9072070999540285,229981.3,True
0.5,0.75,24078.44,0.0003530550652012983,0.004396105005409714,0.9072070999540285,229981.3,True
0.5,0.7858333333333334,25478.543999999998,0.0006377768919765389,0.004111383178634474,0.9012896405802906,228481.196,True
0.5,0.8266666666666667,31612.38799999999,0.0012527760378110587,0.0034963840327999545,0.8779613036032384,222567.352,True
0.5,0.8674999999999999,31827.487999999998,0.0012641649108820683,0.0034849951597289448,0.8771325222557969,222357.25199999998,True
0.5,0.9083333333333333,32655.163999999997,0.0013552758954501452,0.003393884175160868,0.8739267597126587,221544.576,True
0.5,0.9491666666666667,32655.163999999997,0.0013552758954501452,0.003393884175160868,0.8739267597126587,221544.576,True
0.5,0.99,35799.7,0.0017652753260064917,0.0029838847446045213,0.8621339387973573,218555.03999999998,True
0.5,1.0,43947.581999999995,0.0026080519332612037,0.002141108137349809,0.8311566797528126,210702.15800000002,True
0.5408333333333333,0.5816666666666667,23100.149999999994,0.0,0.0047377711975400034,0.911638141361775,231104.59000000003,True
0.5408333333333333,0.6225,24019.299999999996,0.0001936108422071636,0.00454416035533284,0.9076573479454468,230095.44000000003,True
0.5408333333333333,0.6633333333333333,24028.695999999993,0.00020499971527817323,0.00453277148226183,0.907640007046811,230091.044,True
0.5408333333333333,0.7041666666666666,24478.723999999995,0.00031888844598826945,0.004418882751551734,0.9056675468868944,229591.01599999997,True
0.5408333333333333,0.745,24697.135999999995,0.0003416661921302887,0.004396105005409714,0.9047468067066518,229357.604,True
0.5408333333333333,0.75,24697.135999999995,0.0003416661921302887,0.004396105005409714,0.9047468067066518,229357.604,True
0.5408333333333333,0.7858333333333334,26097.239999999994,0.0006263880189055293,0.004111383178634474,0.8988293473329138,227857.5,True
0.5408333333333333,0.8266666666666667,32231.083999999988,0.001241387164740049,0.0034963840327999545,0.8755010103558617,221943.65600000002,True
0.5408333333333333,0.8674999999999999,32446.18399999999,0.0012527760378110587,0.0034849951597289448,0.8746722290084201,221733.55599999998,True
0.5408333333333333,0.9083333333333333,33273.859999999986,0.0013438870223791356,0.003393884175160868,0.8714664664652819,220920.88,True
0.5408333333333333,0.9491666666666667,33273.859999999986,0.0013438870223791356,0.003393884175160868,0.8714664664652819,220920.88,True
0.5408333333333333,0.99,36418.39599999999,0.001753886452935482,0.0029838847446045213,0.8596736455499806,217931.34399999998,True
0.5408333333333333,1.0,44566.27799999999,0.0025966630601901943,0.002141108137349809,0.8286963865054358,210078.462,True
0.5816666666666667,0.6225,24019.299999999996,0.0001936108422071636,0.00454416035533284,0.9076573479454468,230095.44000000003,True
0.5816666666666667,0.6633333333333333,24028.695999999993,0.00020499971527817323,0.00453277148226183,0.907640007046811,230091.044,True
0.5816666666666667,0.7041666666666666,24478.723999999995,0.00031888844598826945,0.004418882751551734,0.9056675468868944,229591.01599999997,True
0.5816666666666667,0.745,24697.135999999995,0.0003416661921302887,0.004396105005409714,0.9047468067066518,229357.604,True
0.5816666666666667,0.75,24697.135999999995,0.0003416661921302887,0.004396105005409714,0.9047468067066518,229357.604,True
0.5816666666666667,0.7858333333333334,26097.239999999994,0.0006263880189055293,0.004111383178634474,0.8988293473329138,227857.5,True
0.5816666666666667,0.8266666666666667,32231.083999999988,0.001241387164740049,0.0034963840327999545,0.8755010103558617,221943.65600000002,True
0.5816666666666667,0.8674999999999999,32446.18399999999,0.0012527760378110587,0.0034849951597289448,0.8746722290084201,221733.55599999998,True
0.5816666666666667,0.9083333333333333,33273.859999999986,0.0013438870223791356,0.003393884175160868,0.8714664664652819,220920.88,True
0.5816666666666667,0.9491666666666667,33273.859999999986,0.0013438870223791356,0.003393884175160868,0.8714664664652819,220920.88,True
0.5816666666666667,0.99,36418.39599999999,0.001753886452935482,0.0029838847446045213,0.8596736455499806,217931.34399999998,True
0.5816666666666667,1.0,44566.27799999999,0.0025966630601901943,0.002141108137349809,0.8286963865054358,210078.462,True
0.6225,0.6633333333333333,27980.296000000002,1.1388873071009623e-05,0.00453277148226183,0.8917168333814981,226054.444,True
0.6225,0.7041666666666666,28430.324,0.00012527760378110587,0.004418882751551734,0.8897443732215815,225554.41599999997,True
0.6225,0.745,28648.736,0.0001480553499231251,0.004396105005409714,0.8888236330413389,225321.00400000002,True
0.6225,0.75,28648.736,0.0001480553499231251,0.004396105005409714,0.8888236330413389,225321.00400000002,True
0.6225,0.7858333333333334,30048.84,0.0004327771766983657,0.004111383178634474,0.8829061736676008,223820.9,True
0.6225,0.8266666666666667,36182.683999999994,0.0010477763225328854,0.0034963840327999545,0.8595778366905488,217907.056,True
0.6225,0.8674999999999999,36397.784,0.001059165195603895,0.0034849951597289448,0.8587490553431071,217696.95599999998,True
0.6225,0.9083333333333333,37225.46,0.001150276180171972,0.003393884175160868,0.855543292799969,216884.28,True
0.6225,0.9491666666666667,37225.46,0.001150276180171972,0.003393884175160868,0.855543292799969,216884.28,True
0.6225,0.99,40369.996,0.0015602756107283185,0.0029838847446045213,0.8437504718846677,213894.74399999998,True
0.6225,1.0,48517.878,0.0024030522179830306,0.002141108137349809,0.8127732128401229,206041.86200000002,True
0.6633333333333333,0.7041666666666666,28442.907999999996,0.00011388873071009624,0.004418882751551734,0.8896750096270388,225536.83199999997,True
0.6633333333333333,0.745,28661.319999999996,0.0001366664768521155,0.004396105005409714,0.8887542694467963,225303.42,True
0.6633333333333333,0.75,28661.319999999996,0.0001366664768521155,0.004396105005409714,0.8887542694467963,225303.42,True
0.6633333333333333,0.7858333333333334,30061.423999999995,0.0004213883036273561,0.004111383178634474,0.8828368100730583,223803.316,True
0.6633333333333333,0.8266666666666667,36195.268,0.0010363874494618756,0.0034963840327999545,0.8595084730960061,217889.472,True
0.6633333333333333,0.8674999999999999,36410.367999999995,0.0010477763225328854,0.0034849951597289448,0.8586796917485645,217679.37199999997,True
0.6633333333333333,0.9083333333333333,37238.043999999994,0.0011388873071009624,0.003393884175160868,0.8554739292054263,216866.696,True
0.6633333333333333,0.9491666666666667,37238.043999999994,0.0011388873071009624,0.003393884175160868,0.8554739292054263,216866.696,True
0.6633333333333333,0.99,40382.579999999994,0.001548886737657309,0.0029838847446045213,0.843681108290125,213877.15999999997,True
0.6633333333333333,1.0,48530.46199999999,0.002391663344912021,0.002141108137349809,0.8127038492455803,206024.27800000002,True
0.7041666666666666,0.745,30611.432,2.2777746142019246e-05,0.004396105005409714,0.88086442880713,223303.308,True
0.7041666666666666,0.75,30611.432,2.2777746142019246e-05,0.004396105005409714,0.88086442880713,223303.308,True
0.7041666666666666,0.7858333333333334,32011.536,0.00030749957291725984,0.004111383178634474,0.8749469694333921,221803.204,True
0.7041666666666666,0.8266666666666667,38145.38,0.0009224987187517796,0.0034963840327999545,0.85161863245634,215889.36000000002,True
0.7041666666666666,0.8674999999999999,38360.479999999996,0.0009338875918227891,0.0034849951597289448,0.8507898511088984,215679.25999999998,True
0.7041666666666666,0.9083333333333333,39188.155999999995,0.001024998576390866,0.003393884175160868,0.8475840885657602,214866.584,True
0.7041666666666666,0.9491666666666667,39188.155999999995,0.001024998576390866,0.003393884175160868,0.8475840885657602,214866.584,True
0.7041666666666666,0.99,42332.691999999995,0.0014349980069472126,0.0029838847446045213,0.8357912676504589,211877.04799999998,True
0.7041666666666666,1.0,50480.57399999999,0.0022777746142019248,0.002141108137349809,0.8048140086059141,204024.16600000003,True
0.745,0.75,31535.08,0.0,0.004396105005409714,0.8771814680861589,222369.66,True
0.745,0.7858333333333334,32935.184,0.0002847218267752406,0.004111383178634474,0.8712640087124209,220869.55599999998,True
0.745,0.8266666666666667,39069.028,0.0008997209726097602,0.0034963840327999545,0.8479356717353688,214955.712,True
0.745,0.8674999999999999,39284.128,0.0009111098456807699,0.0034849951597289448,0.8471068903879272,214745.61199999996,True
0.745,0.9083333333333333,40111.804000000004,0.001002220830248847,0.003393884175160868,0.8439011278447891,213932.93600000002,True
0.745,0.9491666666666667,40111.804000000004,0.001002220830248847,0.003393884175160868,0.8439011278447891,213932.93600000002,True
0.745,0.99,43256.34,0.0014122202608051933,0.0029838847446045213,0.8321083069294877,210943.39999999997,True
0.745,1.0,51404.221999999994,0.0022549968680599056,0.002141108137349809,0.8011310478849429,203090.518,True
0.75,0.7858333333333334,32935.184,0.0002847218267752406,0.004111383178634474,0.8712640087124209,220869.55599999998,True
0.75,0.8266666666666667,39069.028,0.0008997209726097602,0.0034963840327999545,0.8479356717353688,214955.712,True
0.75,0.8674999999999999,39284.128,0.0009111098456807699,0.0034849951597289448,0.8471068903879272,214745.61199999996,True
0.75,0.9083333333333333,40111.804000000004,0.001002220830248847,0.003393884175160868,0.8439011278447891,213932.93600000002,True
0.75,0.9491666666666667,40111.804000000004,0.001002220830248847,0.003393884175160868,0.8439011278447891,213932.93600000002,True
0.75,0.99,43256.34,0.0014122202608051933,0.0029838847446045213,0.8321083069294877,210943.39999999997,True
0.75,1.0,51404.221999999994,0.0022549968680599056,0.002141108137349809,0.8011310478849429,203090.518,True
0.7858333333333334,0.8266666666666667,44944.443999999996,0.0006149991458345197,0.0034963840327999545,0.8242658342404171,208955.29600000003,True
0.7858333333333334,0.8674999999999999,45159.543999999994,0.0006263880189055293,0.0034849951597289448,0.8234370528929755,208745.196,True
0.7858333333333334,0.9083333333333333,45987.219999999994,0.0007174990034736063,0.003393884175160868,0.8202312903498373,207932.52000000002,True
0.7858333333333334,0.9491666666666667,45987.219999999994,0.0007174990034736063,0.003393884175160868,0.8202312903498373,207932.52000000002,True
0.7858333333333334,0.99,49131.755999999994,0.0011274984340299528,0.0029838847446045213,0.808438469434536,204942.984,True
0.7858333333333334,1.0,57279.63799999999,0.001970275041284665,0.002141108137349809,0.7774612103899912,197090.102,False
0.8266666666666667,0.8674999999999999,68544.92000000001,1.1388873071009623e-05,0.0034849951597289448,0.7301237049847666,185089.81999999998,False
0.8266666666666667,0.9083333333333333,69372.596,0.00010249985763908662,0.003393884175160868,0.7269179424416286,184277.144,False
0.8266666666666667,0.9491666666666667,69372.596,0.00010249985763908662,0.003393884175160868,0.7269179424416286,184277.144,False
0.8266666666666667,0.99,72517.13200000001,0.000512499288195433,0.0029838847446045213,0.7151251215263272,181287.60799999998,False
0.8266666666666667,1.0,80665.014,0.0013552758954501452,0.002141108137349809,0.6841478624817825,173434.72600000002,False
0.8674999999999999,0.9083333333333333,70207.99600000001,9.111098456807698e-05,0.003393884175160868,0.7236028170518627,183436.744,False
0.8674999999999999,0.9491666666666667,70207.99600000001,9.111098456807698e-05,0.003393884175160868,0.7236028170518627,183436.744,False
0.8674999999999999,0.99,73352.532,0.0005011104151244235,0.0029838847446045213,0.7118099961365614,180447.20799999998,False
0.8674999999999999,1.0,81500.414,0.0013438870223791356,0.002141108137349809,0.6808327370920165,172594.326,False
0.9083333333333333,0.9491666666666667,73418.70000000001,0.0,0.003393884175160868,0.7107797668793097,180186.04,False
0.9083333333333333,0.99,76563.236,0.00040999943055634646,0.0029838847446045213,0.6989869459640083,177196.504,False
0.9083333333333333,1.0,84711.118,0.0012527760378110587,0.002141108137349809,0.6680096869194636,169343.622,False
0.9491666666666667,0.99,76563.236,0.00040999943055634646,0.0029838847446045213,0.6989869459640083,177196.504,False
0.9491666666666667,1.0,84711.118,0.0012527760378110587,0.002141108137349809,0.6680096869194636,169343.622,False
0.99,1.0,96489.262,0.0008427766072547122,0.002141108137349809,0.6208384032582587,157385.478,False
